signup_date,plan,age,active_days,membership_months,spend
2025-08-02,free,38,17,5,1.97
2024-10-14,free,16,4,14,9.00
2024-04-12,free,16,3,20,6.63
2024-08-12,basic,16,48,16,12.85
2024-08-30,basic,33,21,16,4.71
2024-01-29,basic,28,27,23,16.41
2025-05-19,free,27,11,7,0.00
2025-05-04,free,34,9,8,6.45
2024-11-27,free,39,6,13,0.00
2025-01-08,pro,28,86,11,26.85
2024-04-13,free,51,5,20,0.00
2025-05-13,basic,50,26,7,15.76
2024-08-16,basic,25,15,16,14.38
2024-10-28,free,59,0,14,3.52
2025-08-04,free,59,0,4,0.00
2025-05-23,free,36,42,7,1.51
2024-03-31,basic,32,19,21,13.05
2024-03-10,free,34,7,22,0.00
2024-06-19,pro,30,64,18,34.21
2024-04-13,basic,17,20,20,11.50
2024-02-04,free,45,12,23,0.00
2024-03-17,free,32,21,21,0.00
2024-02-01,free,42,0,23,0.00
2024-07-13,free,26,21,17,0.00
2024-04-08,free,27,11,21,0.00
2024-10-28,basic,28,24,14,11.17
2024-07-30,free,52,19,17,0.00
2025-05-15,pro,27,65,7,24.95
2024-07-10,free,41,0,17,0.00
2025-11-14,free,35,12,1,0.00
2024-03-03,basic,23,17,22,12.82
2025-05-01,basic,30,41,8,11.48
2025-08-07,pro,31,67,4,21.50
2024-05-03,pro,40,72,20,29.93
2024-02-13,free,40,0,22,5.65
2024-09-21,free,48,9,15,0.00
2024-10-09,free,29,26,14,5.29
2024-04-25,free,35,0,20,8.46
2025-07-30,basic,24,46,5,6.43
2025-02-24,free,22,2,10,0.00
2025-09-25,basic,56,36,3,9.92
2025-05-01,pro,41,96,8,30.40
2024-11-06,free,44,0,14,0.00
2024-11-03,pro,37,66,14,21.51
2024-07-11,free,41,0,17,0.00
2024-02-27,free,40,2,22,1.22
2025-08-05,free,46,19,4,0.00
2025-01-04,basic,16,36,12,7.81
2025-10-12,pro,34,88,2,14.61
2025-04-30,basic,43,43,8,16.45
2024-04-02,free,41,21,21,8.68
2025-10-24,free,26,0,2,7.78
2025-11-29,free,25,0,1,0.00
2024-11-08,basic,30,55,13,12.98
2024-08-11,free,24,13,16,0.00
2025-11-09,pro,24,60,1,25.97
2024-10-16,free,64,21,14,5.77
2024-09-24,basic,29,23,15,8.79
2024-02-28,basic,33,15,22,8.41
2025-11-28,free,NA,0,1,0.00
2024-02-06,basic,34,34,23,8.48
2024-08-15,basic,16,34,16,9.40
2024-06-23,basic,41,32,18,12.23
2024-05-11,basic,16,20,19,17.08
2025-11-01,free,26,7,2,0.00
2024-09-23,basic,24,32,15,11.67
2025-10-11,basic,54,40,2,4.97
2025-01-25,free,33,12,11,0.00
2025-08-06,pro,29,89,4,38.36
2024-07-03,basic,29,24,18,10.81
2024-10-07,free,33,1,15,7.07
2024-05-12,basic,31,4,19,15.44
2025-01-27,free,30,0,11,8.03
2025-06-27,free,28,1,6,0.00
2024-05-12,free,32,12,19,0.41
2025-04-11,basic,21,51,8,13.75
2025-05-16,free,33,33,7,0.00
2024-05-14,free,NA,0,19,0.00
2025-10-28,basic,21,14,2,8.12
2024-02-19,basic,23,48,22,11.57
2025-03-02,free,33,26,10,0.00
2024-01-10,free,29,0,24,0.00
2024-04-17,free,30,28,20,0.00
2024-09-26,basic,26,39,15,13.02
2024-07-31,basic,45,30,17,11.48
2024-04-01,pro,30,69,21,35.06
2024-04-13,pro,41,43,20,33.43
2024-09-27,free,35,11,15,2.62
2024-11-16,free,47,0,13,0.00
2025-10-24,free,19,14,2,0.00
2024-12-16,free,42,5,12,3.47
2025-03-07,basic,46,42,9,17.69
2024-06-12,free,43,0,18,0.00
2025-01-02,basic,35,44,12,7.69
2024-05-13,free,43,0,19,0.00
2024-01-13,basic,35,14,23,3.40
2025-11-16,pro,21,68,1,21.29
2025-03-19,basic,24,44,9,6.70
2025-07-25,pro,47,102,5,30.02
2025-06-01,basic,36,26,7,8.78
2024-10-11,free,34,0,14,0.00
2025-08-09,free,25,2,4,0.00
2024-04-15,free,NA,9,20,4.94
2025-09-10,pro,44,65,3,25.26
2024-12-15,free,NA,0,12,0.00
2025-07-27,basic,31,18,5,9.70
2025-11-05,free,35,22,1,0.00
2024-04-18,free,16,20,20,0.00
2025-09-17,free,47,13,3,0.00
2024-12-12,free,27,28,12,5.30
2025-04-06,free,24,0,8,0.04
2025-07-20,pro,33,60,5,29.77
2024-06-30,basic,36,24,18,8.75
2024-11-25,free,21,34,13,0.00
2024-12-17,pro,30,83,12,33.60
2025-06-08,free,45,0,6,0.00
2024-07-24,free,24,0,17,1.19
2024-07-01,free,31,13,18,0.00
2025-08-07,pro,23,52,4,16.98
2025-03-08,basic,29,36,9,11.27
2025-11-17,free,40,0,1,0.00
2024-03-04,basic,34,26,22,11.55
2025-11-22,basic,29,29,1,7.15
2024-08-31,free,28,0,16,0.00
2025-03-02,pro,28,89,10,33.55
2025-09-27,pro,34,66,3,30.50
2025-10-10,basic,34,14,2,6.87
2024-07-17,free,22,4,17,0.00
2025-01-21,free,27,7,11,0.00
2025-04-22,basic,40,36,8,13.18
2024-02-22,basic,39,21,22,11.94
2024-03-15,basic,20,31,21,12.88
2024-03-10,basic,23,26,22,7.36
2025-11-10,free,52,11,1,4.77
2025-10-26,free,52,0,2,0.00
2024-02-10,basic,41,54,23,7.36
2025-01-30,free,47,10,11,0.00
2025-06-04,free,NA,14,7,4.63
2024-06-20,pro,29,58,18,27.25
2024-08-03,basic,41,20,17,13.96
2025-03-21,basic,42,29,9,9.27
2025-04-15,basic,NA,36,8,11.83
2024-09-14,basic,35,39,15,7.77
2025-03-19,free,44,8,9,0.00
2025-08-22,free,34,0,4,0.00
2025-09-13,free,44,0,3,0.00
2025-06-30,free,38,14,6,0.00
2024-11-01,basic,16,35,14,6.34
2025-01-17,pro,NA,79,11,26.65
2024-02-12,free,16,1,22,2.74
2024-12-18,free,37,2,12,0.00
2024-09-15,free,40,0,15,7.66
2025-07-16,free,32,12,5,0.88
2025-05-13,pro,30,67,7,28.50
2024-07-17,free,38,0,17,0.00
2025-01-08,basic,27,35,11,13.27
2024-08-14,basic,32,41,16,9.85
2025-05-06,free,25,2,7,0.00
2024-10-14,pro,47,65,14,27.87
2025-10-03,free,46,9,2,0.00
2025-02-18,basic,42,32,10,13.94
2025-10-31,basic,25,33,2,16.09
2024-10-24,free,42,14,14,0.00
2025-09-20,basic,38,35,3,7.46
2024-05-29,basic,28,24,19,12.63
2025-05-14,free,35,25,7,4.66
2025-02-01,free,63,17,11,2.92
2025-06-17,basic,33,14,6,8.36
2025-01-22,free,29,15,11,3.39
2025-06-12,free,22,0,6,0.00
2024-05-22,free,50,0,19,0.00
2025-09-08,basic,33,32,3,16.44
2024-04-26,free,35,14,20,0.00
2024-02-14,free,42,18,22,0.00
2024-06-19,free,48,3,18,0.00
2025-11-08,basic,37,46,1,7.62
2024-08-12,basic,36,36,16,5.66
2024-07-05,basic,42,45,18,14.57
2024-03-11,free,27,14,22,0.00
2025-03-05,basic,38,41,10,16.80
2025-09-06,free,28,7,3,0.00
2025-09-09,free,NA,24,3,0.00
2024-02-14,basic,27,42,22,9.70
2025-01-25,free,51,0,11,0.00
2024-09-17,free,39,0,15,0.00
2024-07-12,free,47,8,17,0.00
2024-07-29,basic,29,35,17,9.67
2025-07-02,free,27,5,6,0.00
2025-07-24,free,50,0,5,0.00
2025-02-11,basic,31,19,10,6.81
2025-04-02,basic,44,38,9,12.21
2025-09-20,basic,16,46,3,17.57
2024-01-06,basic,19,32,24,12.99
2025-01-14,free,NA,12,11,3.46
2025-09-20,basic,37,29,3,11.28
2025-05-21,free,27,0,7,0.00
2025-09-05,free,17,0,3,0.00
2024-06-10,free,23,0,18,0.00
2024-01-16,basic,43,38,23,12.32
2025-07-26,pro,42,72,5,25.90
